timestamp,latitude,longitude,speed,distance_remaining,eta_minutes
2025-01-01 08:00:00,17.385,78.4867,37.483570765056164,12.0,19.208415455211
2025-01-01 08:01:00,17.385024048096195,78.48672885771543,34.308678494144075,11.975951903807616,20.94388783733255
2025-01-01 08:02:00,17.385048096192385,78.48675771543085,38.23844269050346,11.951903807615231,18.753750885231774
2025-01-01 08:03:00,17.38507214428858,78.48678657314629,42.61514928204013,11.927855711422845,16.793824607977747
2025-01-01 08:04:00,17.385096192384772,78.48681543086172,33.82923312638332,11.90380761523046,21.112759318117764
2025-01-01 08:05:00,17.385120240480962,78.48684428857716,33.8293152152541,11.879759519038076,21.07005615120698
2025-01-01 08:06:00,17.385144288577155,78.48687314629258,42.896064077536955,11.855711422845692,16.58293600282187
2025-01-01 08:07:00,17.38516833667335,78.48690200400802,38.837173645764544,11.831663326653306,18.27887389731868
2025-01-01 08:08:00,17.38519238476954,78.48693086172345,32.65262807032524,11.807615230460922,21.69678080128264
2025-01-01 08:09:00,17.385216432865732,78.48695971943887,37.712800217929825,11.783567134268537,18.747322499801435
2025-01-01 08:10:00,17.385240480961926,78.4869885771543,32.68291153593769,11.759519038076153,21.58838087325031
2025-01-01 08:11:00,17.38526452905812,78.48701743486974,32.671351232148716,11.735470941883767,21.55185598262497
2025-01-01 08:12:00,17.38528857715431,78.48704629258516,36.20981135783017,11.711422845691382,19.40593845677495
2025-01-01 08:13:00,17.385312625250503,78.4870751503006,25.43359877671101,11.687374749498998,27.57150064080009
2025-01-01 08:14:00,17.385336673346696,78.48710400801603,26.375410837434835,11.663326653306614,26.53227293829166
2025-01-01 08:15:00,17.385360721442886,78.48713286573147,32.188562353795135,11.639278557114228,21.695803178501233
2025-01-01 08:16:00,17.38538476953908,78.48716172344689,29.93584439832788,11.615230460921843,23.2802461952347
2025-01-01 08:17:00,17.385408817635273,78.48719058116232,36.57123666297637,11.591182364729459,19.016883358167693
2025-01-01 08:18:00,17.385432865731463,78.48721943887776,30.459879622393945,11.567134268537075,22.7849901153903
2025-01-01 08:19:00,17.385456913827657,78.48724829659318,27.938481493323543,11.54308617234469,24.78964973476416
2025-01-01 08:20:00,17.38548096192385,78.48727715430861,42.32824384460777,11.519038076152304,16.328158737376565
2025-01-01 08:21:00,17.38550501002004,78.48730601202405,33.87111849756732,11.49498997995992,20.36246304789523
2025-01-01 08:22:00,17.385529058116234,78.48733486973948,35.337641023439616,11.470941883767535,19.476583413406924
2025-01-01 08:23:00,17.385553106212427,78.4873637274549,27.87625906893272,11.446893787575151,24.637941036354583
2025-01-01 08:24:00,17.385577154308617,78.48739258517034,32.27808637737409,11.422845691382765,21.233313941541127
2025-01-01 08:25:00,17.38560120240481,78.48742144288578,35.554612948549334,11.39879759519038,19.23598090355046
2025-01-01 08:26:00,17.385625250501004,78.4874503006012,29.245032112888488,11.374749498997996,23.336783057902814
2025-01-01 08:27:00,17.385649298597198,78.48747915831663,36.87849009172836,11.350701402805612,18.467190019829218
2025-01-01 08:28:00,17.385673346693387,78.48750801603207,31.996806550405974,11.326653306613226,21.239594561606985
2025-01-01 08:29:00,17.38569739478958,78.48753687374749,33.54153125103362,11.302605210420841,20.218406474938508
2025-01-01 08:30:00,17.385721442885774,78.48756573146292,31.991466938853016,11.278557114228457,21.152935191973086
2025-01-01 08:31:00,17.385745490981964,78.48759458917836,44.26139092254469,11.254509018036073,15.25642387207974
2025-01-01 08:32:00,17.385769539078158,78.48762344689379,34.93251387631033,11.230460921843687,19.289412084584644
2025-01-01 08:33:00,17.38579358717435,78.48765230460921,29.711445355220498,11.206412825651302,22.630496816976144
2025-01-01 08:34:00,17.38581763527054,78.48768116232465,39.11272456051594,11.182364729458918,17.15405641786578
2025-01-01 08:35:00,17.385841683366735,78.48771002004008,28.895781750144888,11.158316633266534,23.169437109713602
2025-01-01 08:36:00,17.38586573146293,78.4877388777555,36.04431797502378,11.13426853707415,18.534297491420578
2025-01-01 08:37:00,17.38588977955912,78.48776773547094,25.201649380601122,11.110220440881763,26.451174539632667
2025-01-01 08:38:00,17.385913827655312,78.48779659318637,28.359069755507846,11.086172344689379,23.455294775745404
2025-01-01 08:39:00,17.385937875751505,78.48782545090181,35.984306179345616,11.062124248496994,18.444914613659776
2025-01-01 08:40:00,17.385961923847695,78.48785430861723,38.69233289997705,11.03807615230461,17.116687454600843
2025-01-01 08:41:00,17.38598597194389,78.48788316633267,35.85684140594985,11.014028056112224,18.430002684427127
2025-01-01 08:42:00,17.386010020040082,78.4879120240481,34.4217585880588,10.98997995991984,19.156452913592315
2025-01-01 08:43:00,17.386034068136276,78.48794088176352,33.494481522053555,10.965931863727455,19.64371090176254
2025-01-01 08:44:00,17.386058116232466,78.48796973947896,27.607390048162863,10.94188376753507,23.780336529703646
2025-01-01 08:45:00,17.38608216432866,78.48799859719439,31.400778958026457,10.917835671342685,20.86158885281782
2025-01-01 08:46:00,17.386106212424853,78.48802745490981,32.696806145201066,10.8937875751503,19.990553560686273
2025-01-01 08:47:00,17.386130260521043,78.48805631262525,40.285611131094576,10.869739478957916,16.18901514526323
2025-01-01 08:48:00,17.386154308617236,78.48808517034068,36.718091447842305,10.845691382765532,17.722639094417637
2025-01-01 08:49:00,17.38617835671343,78.48811402805612,26.18479922318633,10.821643286573146,24.79677585686594
2025-01-01 08:50:00,17.38620240480962,78.48814288577154,36.620419846973974,10.797595190380761,17.69110551244484
2025-01-01 08:51:00,17.386226452905813,78.48817174348697,33.07458859791842,10.773547094188377,19.544092702395254
2025-01-01 08:52:00,17.386250501002007,78.48820060120241,31.615389998470206,10.749498997995993,20.400505573740134
2025-01-01 08:53:00,17.386274549098196,78.48822945891783,38.058381444204336,10.725450901803608,16.9089443557042
2025-01-01 08:54:00,17.38629859719439,78.48825831663326,40.154997612479754,10.701402805611222,15.990143357326968
2025-01-01 08:55:00,17.386322645290583,78.4882871743487,39.65640059558099,10.677354709418838,16.154801569069242
2025-01-01 08:56:00,17.386346693386773,78.48831603206413,30.803912383886807,10.653306613226453,20.750558851996505
2025-01-01 08:57:00,17.386370741482967,78.48834488977955,33.45393812074393,10.629258517034067,19.063690161684978
2025-01-01 08:58:00,17.38639478957916,78.48837374749499,36.65631715701782,10.605210420841683,17.358880395017522
2025-01-01 08:59:00,17.386418837675354,78.48840260521042,39.877725635611796,10.581162324649299,15.920409937120475
2025-01-01 09:00:00,17.386442885771544,78.48843146292585,32.60412881077355,10.557114228456914,19.42781104146872
2025-01-01 09:01:00,17.386466933867737,78.48846032064128,34.07170511668092,10.53306613226453,18.54864515208731
2025-01-01 09:02:00,17.38649098196393,78.48848917835672,29.46832512996986,10.509018036072144,21.39724871988249
2025-01-01 09:03:00,17.38651503006012,78.48851803607214,29.018966879596647,10.48496993987976,21.678862621229534
2025-01-01 09:04:00,17.386539078156314,78.48854689378757,39.06262911197099,10.460921843687375,16.067922843137392
2025-01-01 09:05:00,17.386563126252508,78.488575751503,41.78120014285412,10.43687374749499,14.987899407116508
2025-01-01 09:06:00,17.386587174348698,78.48860460921844,34.63994939209833,10.412825651302605,18.03609849443578
2025-01-01 09:07:00,17.38661122244489,78.48863346693386,40.01766448946012,10.38877755511022,15.576287653438282
2025-01-01 09:08:00,17.386635270541085,78.4886623246493,36.808180125238174,10.364729458917836,16.895259842218188
2025-01-01 09:09:00,17.386659318637275,78.48869118236473,31.77440122697438,10.340681362725451,19.526438195688595
2025-01-01 09:10:00,17.386683366733468,78.48872004008015,36.80697802754207,10.316633266533067,16.817408794843132
2025-01-01 09:11:00,17.38670741482966,78.48874889779559,42.690182832329846,10.292585170340681,14.46597482718575
2025-01-01 09:12:00,17.38673146292585,78.48877775551102,34.82086980445024,10.268537074148297,17.693763191698224
2025-01-01 09:13:00,17.386755511022045,78.48880661322646,42.82321827907003,10.244488977955912,14.353646535196914
2025-01-01 09:14:00,17.38677955911824,78.48883547094188,21.901274479551276,10.220440881763526,27.999578448202513
2025-01-01 09:15:00,17.386803607214432,78.48886432865731,39.10951252187612,10.196392785571142,15.642832847687991
2025-01-01 09:16:00,17.386827655310622,78.48889318637275,35.435235341190854,10.172344689378757,17.224118183102604
2025-01-01 09:17:00,17.386851703406816,78.48892204408817,33.50496324767066,10.148296593186373,18.173361095494244
2025-01-01 09:18:00,17.38687575150301,78.4889509018036,35.458803882677515,10.124248496993989,17.131285979908526
2025-01-01 09:19:00,17.3868997995992,78.48897975951904,25.062155426995538,10.100200400801603,24.18036332961746
2025-01-01 09:20:00,17.386923847695392,78.48900861723446,33.90164056081244,10.076152304609218,17.833034870158652
2025-01-01 09:21:00,17.386947895791586,78.4890374749499,36.78556285755873,10.052104208416834,16.39573260956857
2025-01-01 09:22:00,17.386971943887776,78.48906633266533,42.38947022370758,10.02805611222445,14.194170475783807
2025-01-01 09:23:00,17.38699599198397,78.48909519038077,32.40864890863176,10.004008016032063,18.520996745472317
2025-01-01 09:24:00,17.387020040080163,78.48912404809619,30.95753198553406,9.97995991983968,19.342549511704902
2025-01-01 09:25:00,17.387044088176353,78.48915290581162,32.491214782077314,9.955911823647295,18.385114666391246
2025-01-01 09:26:00,17.387068136272546,78.48918176352706,39.57701058851037,9.93186372745491,15.05701958753535
2025-01-01 09:27:00,17.38709218436874,78.48921062124248,36.64375554829842,9.907815631262526,16.222926088790487
2025-01-01 09:28:00,17.38711623246493,78.48923947895791,32.351198981164806,9.88376753507014,18.330883268019655
2025-01-01 09:29:00,17.387140280561123,78.48926833667335,37.56633716556678,9.859719438877756,15.747693572715658
2025-01-01 09:30:00,17.387164328657317,78.48929719438878,35.4853877467402,9.835671342685371,16.630515207356986
2025-01-01 09:31:00,17.38718837675351,78.4893260521042,39.84322495266444,9.811623246492985,14.775345005053639
2025-01-01 09:32:00,17.3872124248497,78.48935490981964,31.489734530613237,9.7875751503006,18.649077795404324
2025-01-01 09:33:00,17.387236472945894,78.48938376753507,33.36168926701116,9.763527054108216,17.55941129233398
2025-01-01 09:34:00,17.387260521042087,78.4894126252505,33.03945923433921,9.739478957915832,17.68699461241764
2025-01-01 09:35:00,17.387284569138277,78.48944148296593,27.682425259339407,9.715430861723448,21.057614939527063
2025-01-01 09:36:00,17.38730861723447,78.48947034068136,36.48060138532288,9.691382765531062,15.939511517093845
2025-01-01 09:37:00,17.387332665330664,78.48949919839679,36.30527636089945,9.667334669338677,15.976743280902832
2025-01-01 09:38:00,17.387356713426854,78.48952805611222,35.025567283212304,9.643286573146293,16.51928117852636
2025-01-01 09:39:00,17.387380761523048,78.48955691382766,33.82706433312426,9.619238476953907,17.06190945018162
2025-01-01 09:40:00,17.38740480961924,78.48958577154309,27.92314628974793,9.595190380761522,20.617713235885084
2025-01-01 09:41:00,17.38742885771543,78.48961462925851,32.89677338617321,9.571142284569138,17.456682767420535
2025-01-01 09:42:00,17.387452905811625,78.48964348697395,33.286427417366156,9.547094188376754,17.20898563610198
2025-01-01 09:43:00,17.387476953907818,78.48967234468938,30.988613653891903,9.52304609218437,18.438474593047868
2025-01-01 09:44:00,17.387501002004008,78.4897012024048,34.19357144166995,9.498997995991985,16.66804184908753
2025-01-01 09:45:00,17.3875250501002,78.48973006012024,37.02025428407269,9.474949899799599,15.356377339432854
2025-01-01 09:46:00,17.387549098196395,78.48975891783567,44.43092950605265,9.450901803607215,12.762598363808376
2025-01-01 09:47:00,17.38757314629259,78.48978777555111,35.872889064159196,9.42685370741483,15.767094237469577
2025-01-01 09:48:00,17.38759719438878,78.48981663326653,36.28775195361382,9.402805611222444,15.547073221689674
2025-01-01 09:49:00,17.387621242484972,78.48984549098196,34.62777042116917,9.37875751503006,16.250698328466157
2025-01-01 09:50:00,17.387645290581165,78.4898743486974,25.406143923504793,9.354709418837675,22.09239492699966
2025-01-01 09:51:00,17.387669338677355,78.48990320641282,34.867430622753915,9.330661322645291,16.05623555735636
2025-01-01 09:52:00,17.38769338677355,78.48993206412825,35.30115104970513,9.306613226452907,15.818090260029598
2025-01-01 09:53:00,17.387717434869742,78.48996092184369,47.316210562426434,9.28256513026052,11.770889959178293
2025-01-01 09:54:00,17.387741482965932,78.48998977955911,34.03819517609439,9.258517034068136,16.320225533997558
2025-01-01 09:55:00,17.387765531062126,78.49001863727455,36.50773671166806,9.234468937875752,15.176732007477803
2025-01-01 09:56:00,17.38778957915832,78.49004749498998,34.82644115147378,9.210420841683366,15.867979392365102
2025-01-01 09:57:00,17.38781362725451,78.49007635270542,29.15660981190234,9.186372745490981,18.904199366294456
2025-01-01 09:58:00,17.387837675350703,78.49010521042084,40.7141140725751,9.162324649298597,13.502430090409817
2025-01-01 09:59:00,17.387861723446896,78.49013406813627,38.75966516343387,9.138276553106213,14.146061140477535
2025-01-01 10:00:00,17.387885771543086,78.4901629258517,38.95515973521523,9.114228456913828,14.038030164216659
2025-01-01 10:01:00,17.38790981963928,78.49019178356713,30.453062726026303,9.090180360721444,17.909884025463178
2025-01-01 10:02:00,17.387933867735473,78.49022064128256,42.013971554680495,9.066132264529058,12.94731051940134
2025-01-01 10:03:00,17.387957915831667,78.490249498998,27.990744686038596,9.042084168336673,19.382301406607613
2025-01-01 10:04:00,17.387981963927857,78.49027835671343,37.93428546900135,9.01803607214429,14.263670915083186
2025-01-01 10:05:00,17.38800601202405,78.49030721442885,45.952278129049894,8.993987975951903,11.743471717367752
2025-01-01 10:06:00,17.388030060120244,78.49033607214429,30.04731837434656,8.969939879759519,17.911628122031217
2025-01-01 10:07:00,17.388054108216433,78.49036492985972,32.16851135198614,8.945891783567134,16.685680637841763
2025-01-01 10:08:00,17.388078156312627,78.49039378757514,35.498256825438204,8.92184368737475,15.079912906001601
2025-01-01 10:09:00,17.38810220440882,78.49042264529058,32.482621729419,8.897795591182366,16.435487871578616
2025-01-01 10:10:00,17.38812625250501,78.49045150300601,27.246682844669337,8.87374749498998,19.540905318078558
2025-01-01 10:11:00,17.388150300601204,78.49048036072145,35.34281487403014,8.849699398797595,15.023759873694178
2025-01-01 10:12:00,17.388174348697397,78.49050921843687,29.688481431369475,8.82565130260521,17.836516137763468
2025-01-01 10:13:00,17.388198396793587,78.4905380761523,37.36796215317591,8.801603206412825,14.132325177916785
2025-01-01 10:14:00,17.38822244488978,78.49056693386774,30.402878828830985,8.77755511022044,17.32248151822393
2025-01-01 10:15:00,17.388246492985974,78.49059579158316,42.7496720250877,8.753507014028056,12.285718134479792
2025-01-01 10:16:00,17.388270541082164,78.4906246492986,31.083733538318814,8.729458917835672,16.85021313235941
2025-01-01 10:17:00,17.388294589178358,78.49065350701403,33.38969241897162,8.705410821643287,15.64329023294083
2025-01-01 10:18:00,17.38831863727455,78.49068236472945,39.06758608684835,8.681362725450903,13.332837159918691
2025-01-01 10:19:00,17.388342685370745,78.49071122244489,28.845678417830225,8.657314629258517,18.007511219927938
2025-01-01 10:20:00,17.388366733466935,78.49074008016032,36.13729967302065,8.633266533066132,14.334108986308484
2025-01-01 10:21:00,17.38839078156313,78.49076893787576,41.53571377141214,8.609218436873748,12.436360406738785
2025-01-01 10:22:00,17.38841482965932,78.49079779559118,26.96258382719386,8.585170340681362,19.10463120828031
2025-01-01 10:23:00,17.38843887775551,78.49082665330661,35.92316929266152,8.561122244488978,14.299053919339796
2025-01-01 10:24:00,17.388462925851705,78.49085551102205,36.29941397124212,8.537074148296593,14.111094170930714
2025-01-01 10:25:00,17.3884869739479,78.49088436873747,38.909114358886555,8.513026052104209,13.127555626554472
2025-01-01 10:26:00,17.38851102204409,78.4909132264529,28.81524644560959,8.488977955911825,17.676013228487047
2025-01-01 10:27:00,17.388535070140282,78.49094208416834,28.397716934578618,8.464929859719438,17.885092409126894
2025-01-01 10:28:00,17.388559118236476,78.49097094188377,37.60970782808449,8.440881763527054,13.46601542683182
2025-01-01 10:29:00,17.388583166332666,78.4909997995992,36.48492336616593,8.41683366733467,13.84160835344931
2025-01-01 10:30:00,17.38860721442886,78.49102865731463,36.252464251729386,8.392785571142284,13.890562880687893
2025-01-01 10:31:00,17.388631262525053,78.49105751503006,36.73224104748488,8.3687374749499,13.669850631979758
2025-01-01 10:32:00,17.388655310621242,78.49108637274549,31.599876392107547,8.344689378757515,15.844408899349434
2025-01-01 10:33:00,17.388679358717436,78.49111523046092,36.16126848580502,8.32064128256513,13.805889501633002
2025-01-01 10:34:00,17.38870340681363,78.49114408817636,36.46536236649341,8.296593186372746,13.651190030124852
2025-01-01 10:35:00,17.388727454909823,78.49117294589178,31.42824290986816,8.27254509018036,15.79320571099989
2025-01-01 10:36:00,17.388751503006013,78.49120180360721,44.328872555723784,8.248496993987976,11.164502751951343
2025-01-01 10:37:00,17.388775551102206,78.49123066132265,37.36916460455894,8.224448897795591,13.2051904046989
2025-01-01 10:38:00,17.3887995991984,78.49125951903808,29.043482513986756,8.200400801603207,16.940945282964726
2025-01-01 10:39:00,17.38882364729459,78.4912883767535,38.28276804316915,8.176352705410821,12.814673217240998
2025-01-01 10:40:00,17.388847695390783,78.49131723446894,30.126591648863393,8.152304609218437,16.236097407041406
2025-01-01 10:41:00,17.388871743486977,78.49134609218437,38.93542301871226,8.128256513026052,12.525750408495064
2025-01-01 10:42:00,17.388895791583167,78.4913749498998,40.79297789503702,8.104208416833668,11.9200051112027
2025-01-01 10:43:00,17.38891983967936,78.49140380761523,30.89658840824145,8.080160320641284,15.691364134855663
2025-01-01 10:44:00,17.388943887775554,78.49143266533066,39.816880646221605,8.056112224448897,12.139743888068805
2025-01-01 10:45:00,17.388967935871744,78.4914615230461,37.063904634682494,8.032064128256513,13.002511539068424
2025-01-01 10:46:00,17.388991983967937,78.49149038076152,39.11030079997245,8.008016032064129,12.285279123299052
2025-01-01 10:47:00,17.38901603206413,78.49151923847695,44.48396491326974,7.9839679358717435,10.76878099976663
2025-01-01 10:48:00,17.38904008016032,78.49154809619239,33.77305941998565,7.959919839679359,14.141306668182343
2025-01-01 10:49:00,17.389064128256514,78.49157695390781,31.23131917821255,7.935871743486974,15.245987589963528
2025-01-01 10:50:00,17.389088176352708,78.49160581162324,30.552427851872384,7.9118236472945895,15.537535057417154
2025-01-01 10:51:00,17.389112224448898,78.49163466933868,30.920948575172808,7.887775551102204,15.305692576524953
2025-01-01 10:52:00,17.38913627254509,78.4916635270541,34.61449145292948,7.86372745490982,13.630812630490286
2025-01-01 10:53:00,17.389160320641285,78.49169238476954,36.70575987408322,7.839679358717435,12.814903250515925
2025-01-01 10:54:00,17.389184368737478,78.49172124248497,36.3834539966501,7.81563126252505,12.888767399452487
2025-01-01 10:55:00,17.389208416833668,78.4917501002004,39.13591624518012,7.791583166332665,11.945420852067961
2025-01-01 10:56:00,17.38923246492986,78.49177895791583,35.065009459389536,7.767535070140281,13.291087365830432
2025-01-01 10:57:00,17.389256513026055,78.49180781563126,42.26767038578659,7.7434869739478955,10.992070634512864
2025-01-01 10:58:00,17.389280561122245,78.4918366733467,33.67671583381022,7.719438877755511,13.753310594506612
2025-01-01 10:59:00,17.38930460921844,78.49186553106212,48.600845832948096,7.695390781563126,9.500317103139185
2025-01-01 11:00:00,17.389328657314632,78.49189438877755,38.128336738825034,7.671342685370742,12.071876207848153
2025-01-01 11:01:00,17.389352705410822,78.49192324649299,30.714212217918586,7.647294589178356,14.938936805386035
2025-01-01 11:02:00,17.389376753507015,78.49195210420842,29.64553750969444,7.623246492985972,15.428790570236242
2025-01-01 11:03:00,17.38940080160321,78.49198096192384,37.41236207621593,7.599198396793588,12.187199056791885
2025-01-01 11:04:00,17.3894248496994,78.49200981963928,33.88268607337075,7.575150300601202,13.414196768575623
2025-01-01 11:05:00,17.389448897795592,78.49203867735471,38.57000247046046,7.551102204408818,11.746593291289468
2025-01-01 11:06:00,17.389472945891786,78.49206753507013,37.366188122867726,7.527054108216433,12.086414728951096
2025-01-01 11:07:00,17.389496993987976,78.49209639278557,34.63585543671564,7.5030060120240485,12.997523954446077
2025-01-01 11:08:00,17.38952104208417,78.492125250501,30.766031409657977,7.478957915831663,14.585484522681515
2025-01-01 11:09:00,17.389545090180363,78.49215410821643,27.425763876570677,7.454909819639279,16.309284627090086
2025-01-01 11:10:00,17.389569138276556,78.49218296593186,32.767425239664895,7.430861723446894,13.606552853811387
2025-01-01 11:11:00,17.389593186372746,78.4922118236473,39.28199397161736,7.406813627254509,11.313295805614445
2025-01-01 11:12:00,17.38961723446894,78.49224068136273,36.07046872065102,7.382765531062124,12.280570438224473
2025-01-01 11:13:00,17.389641282565133,78.49226953907815,28.771306106440058,7.35871743486974,15.34595073503999
2025-01-01 11:14:00,17.389665330661323,78.49229839679359,35.86590462925591,7.3346693386773545,12.270153642288637
2025-01-01 11:15:00,17.389689378757517,78.49232725450902,36.92658689864418,7.31062124248497,11.878630314604123
2025-01-01 11:16:00,17.38971342685371,78.49235611222444,30.580712818994336,7.286573146292585,14.296409353349157
2025-01-01 11:17:00,17.3897374749499,78.49238496993988,35.768625529727636,7.2625250501002006,12.182506220258727
2025-01-01 11:18:00,17.389761523046094,78.49241382765531,35.29104359223,7.238476953907815,12.306482694382275
2025-01-01 11:19:00,17.389785571142287,78.49244268537075,29.285148510846884,7.214428857715431,14.781066631866228
2025-01-01 11:20:00,17.389809619238477,78.49247154308617,36.788936801741414,7.190380761523046,11.726972378037335
2025-01-01 11:21:00,17.38983366733467,78.4925004008016,37.803922631841175,7.166332665330661,11.373950902060088
2025-01-01 11:22:00,17.389857715430864,78.49252925851704,40.41525621587638,7.142284569138277,10.60334918722979
2025-01-01 11:23:00,17.389881763527054,78.49255811623246,40.26901026017451,7.118236472945892,10.606026460976711
2025-01-01 11:24:00,17.389905811623247,78.4925869739479,28.111653160214544,7.094188376753507,15.141453979220977
2025-01-01 11:25:00,17.38992985971944,78.49261583166333,30.310874800424386,7.070140280561122,13.9952548260906
2025-01-01 11:26:00,17.389953907815634,78.49264468937875,37.5751763360433,7.046092184368738,11.251192204162571
2025-01-01 11:27:00,17.389977955911824,78.49267354709418,37.56892975456105,7.022044088176353,11.214656580400206
2025-01-01 11:28:00,17.390002004008018,78.49270240480962,37.57523843153024,6.997995991983968,11.174373790977928
2025-01-01 11:29:00,17.39002605210421,78.49273126252506,54.26365745327361,6.973947895791583,7.711180804718344
2025-01-01 11:30:00,17.3900501002004,78.49276012024048,37.85445255346583,6.949899799599199,11.015718359339298
2025-01-01 11:31:00,17.390074148296595,78.49278897795591,40.677828200902994,6.925851703406813,10.215665894256963
2025-01-01 11:32:00,17.39009819639279,78.49281783567135,39.770008817466014,6.901803607214429,10.41257542419753
2025-01-01 11:33:00,17.39012224448898,78.49284669338677,38.25695625652899,6.877755511022044,10.786674399662846
2025-01-01 11:34:00,17.39014629258517,78.4928755511022,33.423653776798275,6.8537074148296595,12.303336063612475
2025-01-01 11:35:00,17.390170340681365,78.49290440881764,38.79484610246634,6.829659318637274,10.562731916397142
2025-01-01 11:36:00,17.390194388777555,78.49293326653307,31.13587392731214,6.80561122244489,13.114668767607764
2025-01-01 11:37:00,17.39021843687375,78.49296212424849,33.815906966299956,6.781563126252505,12.032614945997159
2025-01-01 11:38:00,17.390242484969942,78.49299098196393,32.57318226085448,6.75751503006012,12.447383818892837
2025-01-01 11:39:00,17.390266533066132,78.49301983967936,35.40937069693161,6.733466933867735,11.409635587425825
2025-01-01 11:40:00,17.390290581162326,78.49304869739478,46.573292833367546,6.709418837675351,8.643690530983935
2025-01-01 11:41:00,17.39031462925852,78.49307755511022,25.66367403704126,6.685370741482966,15.629961786064788
2025-01-01 11:42:00,17.390338677354713,78.49310641282565,38.431300951872565,6.661322645290581,10.399839423025321
2025-01-01 11:43:00,17.390362725450903,78.49313527054107,26.936420644051744,6.637274549098197,14.784312964530152
2025-01-01 11:44:00,17.390386773547096,78.49316412825651,32.64034067105283,6.613226452905812,12.156539393176311
2025-01-01 11:45:00,17.39041082164329,78.49319298597194,40.44475298483683,6.589178356713427,9.775080133411294
2025-01-01 11:46:00,17.39043486973948,78.49322184368738,35.321400095477316,6.565130260521042,11.152100838768844
2025-01-01 11:47:00,17.390458917835673,78.4932507014028,29.61127611035347,6.541082164328658,13.25390126373161
2025-01-01 11:48:00,17.390482965931866,78.49327955911824,31.42348145370016,6.517034068136272,12.443625785523295
2025-01-01 11:49:00,17.390507014028056,78.49330841683367,38.39798874467338,6.492985971943888,10.14582198320677
2025-01-01 11:50:00,17.39053106212425,78.49333727454909,31.34816684141432,6.468937875751503,12.381466339279532
2025-01-01 11:51:00,17.390555110220443,78.49336613226453,36.08229294790988,6.4448897795591185,10.716984847160244
2025-01-01 11:52:00,17.390579158316633,78.49339498997996,35.22785919951907,6.420841683366733,10.935961189695668
2025-01-01 11:53:00,17.390603206412827,78.4934238476954,31.741998261970913,6.396793587174349,12.091476159214864
2025-01-01 11:54:00,17.39062725450902,78.49345270541082,45.719720446626624,6.372745490981964,8.363234195740366
2025-01-01 11:55:00,17.39065130260521,78.49348156312625,38.169595111590056,6.348697394789579,9.979719265392713
2025-01-01 11:56:00,17.390675350701404,78.49351042084169,24.874287066711965,6.324649298597194,15.255872737099255
2025-01-01 11:57:00,17.390699398797597,78.49353927855711,35.93227157384714,6.30060120240481,10.520795251348302
2025-01-01 11:58:00,17.39072344689379,78.49356813627254,31.69106767615806,6.276553106212425,11.883259668656272
2025-01-01 11:59:00,17.39074749498998,78.49359699398798,39.26216667398112,6.25250501002004,9.555007590801477
2025-01-01 12:00:00,17.390771543086174,78.4936258517034,31.037396307836495,6.228456913827656,12.040552987213802
2025-01-01 12:01:00,17.390795591182368,78.49365470941883,34.42631779266551,6.2044088176352705,10.813370494634393
2025-01-01 12:02:00,17.390819639278558,78.49368356713427,37.524936394902284,6.180360721442886,9.882005911592932
2025-01-01 12:03:00,17.39084368737475,78.4937124248497,39.32877597085061,6.156312625250501,9.392073574545094
2025-01-01 12:04:00,17.390867735470945,78.49374128256513,28.998517964721117,6.132264529058117,12.688092273926161
2025-01-01 12:05:00,17.390891783567135,78.49377014028056,33.327493820795254,6.108216432865731,10.996716042994638
2025-01-01 12:06:00,17.390915831663328,78.493798997996,32.625273444195216,6.084168336673347,11.189181320573777
2025-01-01 12:07:00,17.39093987975952,78.49382785571142,31.73335383713144,6.060120240480962,11.458203135257584
2025-01-01 12:08:00,17.39096392785571,78.49385671342685,43.82727120140548,6.036072144288577,8.263446907132574
2025-01-01 12:09:00,17.390987975951905,78.49388557114229,37.024908554804774,6.012024048096192,9.742669380312627
2025-01-01 12:10:00,17.3910120240481,78.49391442885772,28.695580228324772,5.987975951903808,12.520344744923213
2025-01-01 12:11:00,17.39103607214429,78.49394328657314,39.58930973527388,5.963927855711423,9.038694378241598
2025-01-01 12:12:00,17.391060120240482,78.49397214428858,45.610780985063165,5.939879759519038,7.813783887801779
2025-01-01 12:13:00,17.391084168336675,78.49400100200401,40.16232630275574,5.915831663326653,8.837881977350607
2025-01-01 12:14:00,17.39110821643287,78.49402985971943,27.403150170229935,5.891783567134269,12.900232704344221
2025-01-01 12:15:00,17.39113226452906,78.49405871743487,32.57882963566874,5.867735470941883,10.806530872768299
2025-01-01 12:16:00,17.391156312625252,78.4940875751503,41.334555745933116,5.843687374749499,8.4825211292967
2025-01-01 12:17:00,17.391180360721446,78.49411643286572,31.461652671906094,5.819639278557115,11.098538285791584
2025-01-01 12:18:00,17.391204408817636,78.49414529058116,37.219097140731144,5.7955911823647295,9.342931388879272
2025-01-01 12:19:00,17.39122845691383,78.4941741482966,38.87317026714668,5.771543086172345,8.908267136189991
2025-01-01 12:20:00,17.391252505010023,78.49420300601203,30.365347642109583,5.74749498997996,11.356685372525499
2025-01-01 12:21:00,17.391276553106213,78.49423186372745,34.702373219691,5.7234468937875755,9.895773163790334
2025-01-01 12:22:00,17.391300601202406,78.49426072144288,18.793663299654636,5.69939879759519,18.19570364772873
2025-01-01 12:23:00,17.3913246492986,78.49428957915832,29.878061793328552,5.675350701402806,11.39702583251913
2025-01-01 12:24:00,17.39134869739479,78.49431843687374,33.7371592430342,5.651302605210421,10.050584101346221
2025-01-01 12:25:00,17.391372745490983,78.49434729458918,28.761084090175753,5.627254509018036,11.739309599126413
2025-01-01 12:26:00,17.391396793587177,78.49437615230461,43.16205651965818,5.603206412825651,7.789072437186121
2025-01-01 12:27:00,17.391420841683367,78.49440501002005,27.849293110196836,5.579158316633267,12.020035757224647
2025-01-01 12:28:00,17.39144488977956,78.49443386773547,32.79977756651508,5.5551102204408815,10.161855901325435
2025-01-01 12:29:00,17.391468937875754,78.4944627254509,35.65370288643046,5.531062124248497,9.307973662988445
2025-01-01 12:30:00,17.391492985971947,78.49449158316634,42.20636644533058,5.507014028056112,7.828696699379631
2025-01-01 12:31:00,17.391517034068137,78.49452044088176,27.8206892441028,5.482965931863728,11.824939095696836
2025-01-01 12:32:00,17.39154108216433,78.49454929859719,40.815818760774796,5.458917835671342,8.024709048714499
2025-01-01 12:33:00,17.391565130260524,78.49457815631263,35.05116530509793,5.434869739478958,9.303319348452868
2025-01-01 12:34:00,17.391589178356714,78.49460701402805,30.092456744760245,5.410821643286573,10.788394624966035
2025-01-01 12:35:00,17.391613226452908,78.49463587174348,37.31051737131635,5.386773547094188,8.66260871188365
2025-01-01 12:36:00,17.3916372745491,78.49466472945892,35.99529847786735,5.362725450901804,8.939043171206176
2025-01-01 12:37:00,17.39166132264529,78.49469358717435,31.998915614206027,5.338677354709419,10.01035926168566
2025-01-01 12:38:00,17.391685370741484,78.49472244488977,35.349010424950094,5.3146292585170345,9.020839669275475
2025-01-01 12:39:00,17.391709418837678,78.49475130260521,33.073432015691196,5.290581162324649,9.597881150915233
2025-01-01 12:40:00,17.391733466933868,78.49478016032064,35.56758672625624,5.266533066132265,8.884268319915797
2025-01-01 12:41:00,17.39175751503006,78.49480901803607,38.31065337260523,5.24248496993988,8.210486392312932
2025-01-01 12:42:00,17.391781563126255,78.4948378757515,42.93008408072676,5.218436873747495,7.293398536934549
2025-01-01 12:43:00,17.391805611222445,78.49486673346694,28.810922505865754,5.19438877755511,10.81754069450062
2025-01-01 12:44:00,17.39182965931864,78.49489559118237,45.665166873281336,5.170340681362726,6.7933714496787125
2025-01-01 12:45:00,17.391853707414832,78.49492444889779,25.23956100238749,5.1462925851703405,12.233871860172695
2025-01-01 12:46:00,17.391877755511025,78.49495330661323,34.24107452482208,5.122244488977956,8.975614042599158
2025-01-01 12:47:00,17.391901803607215,78.49498216432866,37.94158603242288,5.098196392785571,8.062177034606176
2025-01-01 12:48:00,17.39192585170341,78.49501102204408,36.40495933867516,5.074148296593187,8.362841308605912
2025-01-01 12:49:00,17.391949899799602,78.49503987975952,31.88650240089703,5.050100200400801,9.502641845583037
2025-01-01 12:50:00,17.391973947895792,78.49506873747495,33.95938874821363,5.026052104208417,8.880110548761518
2025-01-01 12:51:00,17.391997995991986,78.49509759519037,32.53499532670584,5.002004008016032,9.224536148453444
2025-01-01 12:52:00,17.39202204408818,78.49512645290581,32.053176215278945,4.977955911823647,9.318182781744008
2025-01-01 12:53:00,17.39204609218437,78.49515531062124,39.24801048510513,4.953907815631263,7.573236586111242
2025-01-01 12:54:00,17.392070140280563,78.49518416833668,36.785077429825236,4.929859719438878,8.041075453235438
2025-01-01 12:55:00,17.392094188376756,78.4952130260521,31.535452023696728,4.9058116232464934,9.333898152898103
2025-01-01 12:56:00,17.392118236472946,78.49524188376753,39.49799937716625,4.881763527054108,7.415712599169643
2025-01-01 12:57:00,17.39214228456914,78.49527074148297,36.536497604383044,4.857715430861724,7.977308854495636
2025-01-01 12:58:00,17.392166332665333,78.49529959919839,39.0643105941948,4.833667334669339,7.424168906829732
2025-01-01 12:59:00,17.392190380761523,78.49532845691382,38.14814420961806,4.809619238476954,7.564644631805184
2025-01-01 13:00:00,17.392214428857717,78.49535731462926,30.855024945389637,4.785571142284569,9.305915942225734
2025-01-01 13:01:00,17.39223847695391,78.4953861723447,32.19909479901515,4.761523046092185,8.872652617994383
2025-01-01 13:02:00,17.392262525050104,78.49541503006012,38.73646802561631,4.7374749498997994,7.338007605804826
2025-01-01 13:03:00,17.392286573146293,78.49544388777555,38.05185132716733,4.713426853707415,7.432111746440423
2025-01-01 13:04:00,17.392310621242487,78.49547274549099,34.89549203017926,4.68937875751503,8.063010695122626
2025-01-01 13:05:00,17.39233466933868,78.4955016032064,35.58663691654391,4.6653306613226455,7.865869436772389
2025-01-01 13:06:00,17.39235871743487,78.49553046092184,41.388324478942124,4.64128256513026,6.728393995497481
2025-01-01 13:07:00,17.392382765531064,78.49555931863728,32.04214305582085,4.617234468937876,8.64592819692645
2025-01-01 13:08:00,17.392406813627257,78.4955881763527,37.73548690585019,4.593186372745491,7.303236421788535
2025-01-01 13:09:00,17.392430861723447,78.49561703406813,33.98903673783053,4.569138276553106,8.065785997637684
2025-01-01 13:10:00,17.39245490981964,78.49564589178357,33.911593983863895,4.545090180360721,8.041657108521772
2025-01-01 13:11:00,17.392478957915834,78.495674749499,40.49388425993595,4.521042084168337,6.698851691006667
2025-01-01 13:12:00,17.392503006012024,78.49570360721442,39.12708174494015,4.496993987975952,6.895981689548052
2025-01-01 13:13:00,17.392527054108218,78.49573246492986,39.06754818000319,4.472945891783567,6.869557113501769
2025-01-01 13:14:00,17.39255110220441,78.4957613226453,41.52739403577164,4.448897795591183,6.427898353205946
2025-01-01 13:15:00,17.3925751503006,78.49579018036071,35.105019208163796,4.424849699398798,7.562764184506897
2025-01-01 13:16:00,17.392599198396795,78.49581903807615,38.40976485647482,4.400801603206413,6.87450436572703
2025-01-01 13:17:00,17.392623246492988,78.49584789579158,33.44866621703272,4.376753507014028,7.850991986254984
2025-01-01 13:18:00,17.39264729458918,78.49587675350702,36.62083176244221,4.352705410821644,7.131523564059047
2025-01-01 13:19:00,17.39267134268537,78.49590561122244,34.34928472816158,4.328657314629258,7.561130921157789
2025-01-01 13:20:00,17.392695390781565,78.49593446893788,35.48497982496359,4.304609218436874,7.278475410729008
2025-01-01 13:21:00,17.39271943887776,78.49596332665331,37.975785127184565,4.280561122244489,6.763090387058718
2025-01-01 13:22:00,17.39274348697395,78.49599218436873,30.908896583832636,4.2565130260521045,8.26269488043492
2025-01-01 13:23:00,17.392767535070142,78.49602104208417,45.4619363784273,4.232464929859719,5.585945430870099
2025-01-01 13:24:00,17.392791583166336,78.4960498997996,29.96991309250149,4.208416833667335,8.425283358036069
2025-01-01 13:25:00,17.392815631262525,78.49607875751502,28.92905693606134,4.18436873747495,8.678545062958378
2025-01-01 13:26:00,17.39283967935872,78.49610761523046,40.79055436750034,4.160320641282565,6.11953532741974
2025-01-01 13:27:00,17.392863727454912,78.49613647294589,38.95831346981468,4.13627254509018,6.370305349529581
2025-01-01 13:28:00,17.392887775551102,78.49616533066133,38.12059908526078,4.112224448897796,6.47244463241572
2025-01-01 13:29:00,17.392911823647296,78.49619418837675,38.1417275463214,4.0881763527054105,6.431029660741778
2025-01-01 13:30:00,17.39293587174349,78.49622304609218,34.93876613576543,4.064128256513026,6.97928754676784
2025-01-01 13:31:00,17.39295991983968,78.49625190380762,30.51372814257084,4.040080160320642,7.944123002166049
2025-01-01 13:32:00,17.392983967935873,78.49628076152304,35.379022790968634,4.0160320641282565,6.810869968664224
2025-01-01 13:33:00,17.393008016032066,78.49630961923847,31.61419144243944,3.9919839679358713,7.576313900428202
2025-01-01 13:34:00,17.393032064128256,78.49633847695391,39.87559866708875,3.967935871743487,5.970472175032318
2025-01-01 13:35:00,17.39305611222445,78.49636733466934,34.26471309248931,3.9438877755511026,6.906033793259318
2025-01-01 13:36:00,17.393080160320643,78.49639619238476,30.872514016037442,3.9198396793587182,7.618115604040151
2025-01-01 13:37:00,17.393104208416837,78.4964250501002,33.393070791735035,3.895791583166332,6.999880198134808
2025-01-01 13:38:00,17.393128256513027,78.49645390781563,37.064657271378124,3.8717434869739478,6.267550446171963
2025-01-01 13:39:00,17.39315230460922,78.49648276553106,32.18137723598013,3.8476953907815634,7.173767665505027
2025-01-01 13:40:00,17.393176352705414,78.49651162324649,30.888898022167844,3.823647294589179,7.4272263617402325
2025-01-01 13:41:00,17.393200400801604,78.49654048096193,36.21843605745956,3.799599198396793,6.2944725592825135
2025-01-01 13:42:00,17.393224448897797,78.49656933867735,36.22483285554361,3.7755511022044086,6.253529644584609
2025-01-01 13:43:00,17.39324849699399,78.49659819639278,32.46528412314435,3.7515030060120242,6.9332576763206495
2025-01-01 13:44:00,17.39327254509018,78.49662705410822,32.644808471908384,3.72745490981964,6.850929904570648
2025-01-01 13:45:00,17.393296593186374,78.49665591182365,36.160249686788184,3.7034068136272538,6.1449909981905275
2025-01-01 13:46:00,17.393320641282568,78.49668476953907,27.75957829251338,3.6793587174348694,7.952625242352131
2025-01-01 13:47:00,17.393344689378758,78.49671362725451,27.962681128117225,3.655310621242485,7.84326210600808
2025-01-01 13:48:00,17.39336873747495,78.49674248496994,31.40777889373782,3.6312625250501007,6.936999659866007
2025-01-01 13:49:00,17.393392785571145,78.49677134268536,33.932764241440765,3.6072144288577164,6.378285723835665
2025-01-01 13:50:00,17.393416833667334,78.4968002004008,36.554537827990025,3.5831663326653302,5.8813486022329275
2025-01-01 13:51:00,17.393440881763528,78.49682905811623,42.37678108474776,3.559118236472946,5.0392476427436
2025-01-01 13:52:00,17.39346492985972,78.49685791583167,39.2882981160101,3.5350701402805615,5.398661143084755
2025-01-01 13:53:00,17.393488977955915,78.49688677354709,34.20030735018287,3.511022044088177,6.1596324409688155
2025-01-01 13:54:00,17.393513026052105,78.49691563126252,34.904918960486555,3.486973947895791,5.993952803918244
2025-01-01 13:55:00,17.3935370741483,78.49694448897796,29.987353176810956,3.4629258517034067,6.928772602140692
2025-01-01 13:56:00,17.393561122244492,78.49697334669338,34.90743432003805,3.4388777555110224,5.910851638048329
2025-01-01 13:57:00,17.393585170340682,78.49700220440882,33.55670680539931,3.414829659318638,6.105777326342146
2025-01-01 13:58:00,17.393609218436875,78.49703106212425,36.613592801690444,3.390781563126252,5.556594647498838
2025-01-01 13:59:00,17.39363326653307,78.49705991983969,30.863845282238387,3.3667334669338675,6.545004556910539
2025-01-01 14:00:00,17.39365731462926,78.4970887775551,37.59673257120586,3.342685370741483,5.334535969705313
2025-01-01 14:01:00,17.393681362725452,78.49711763527054,42.66369456501289,3.318637274549099,4.667158775232662
2025-01-01 14:02:00,17.393705410821646,78.49714649298598,34.45619925771571,3.2945891783567127,5.737003934267001
2025-01-01 14:03:00,17.393729458917836,78.4971753507014,37.00855861049471,3.2705410821643284,5.302353625688438
2025-01-01 14:04:00,17.39375350701403,78.49720420841683,38.45071995855556,3.246492985971944,5.065954015120452
2025-01-01 14:05:00,17.393777555110223,78.49723306613227,32.99389764057082,3.2224448897795597,5.8600743535382
2025-01-01 14:06:00,17.393801603206413,78.49726192384769,36.12046240905208,3.1983967935871753,5.312883468710464
2025-01-01 14:07:00,17.393825651302606,78.49729078156312,35.06296200390897,3.174348697394789,5.431968976906569
2025-01-01 14:08:00,17.3938496993988,78.49731963927856,35.488380492744156,3.150300601202405,5.3261950375782945
2025-01-01 14:09:00,17.393873747494993,78.497348496994,31.13495108072267,3.1262525050100205,6.024584712347249
2025-01-01 14:10:00,17.393897795591183,78.49737735470941,35.12255087129471,3.102204408817636,5.299508717664983
2025-01-01 14:11:00,17.393921843687377,78.49740621242485,37.48999145622725,3.07815631262525,4.926364919905504
2025-01-01 14:12:00,17.39394589178357,78.49743507014028,42.25571803897521,3.0541082164328657,4.33660819151036
2025-01-01 14:13:00,17.39396993987976,78.4974639278557,39.79635413042603,3.0300601202404813,4.568348311973437
2025-01-01 14:14:00,17.393993987975954,78.49749278557114,45.76591228755778,3.006012024048097,3.9409401545333083
2025-01-01 14:15:00,17.394018036072147,78.49752164328657,31.163262185559752,2.981963927855711,5.741306369210876
2025-01-01 14:16:00,17.394042084168337,78.49755050100201,39.36160318360339,2.9579158316633265,4.5088343854279085
2025-01-01 14:17:00,17.39406613226453,78.49757935871743,35.91671002869176,2.933867735470942,4.901118838213043
2025-01-01 14:18:00,17.394090180360724,78.49760821643287,45.94901466608836,2.909819639278558,3.799628340791497
2025-01-01 14:19:00,17.394114228456914,78.4976370741483,30.958508573224243,2.8857715430861717,5.592849932535932
2025-01-01 14:20:00,17.394138276553107,78.49766593186372,30.801390789096118,2.8617234468937873,5.574534214682647
2025-01-01 14:21:00,17.3941623246493,78.49769478957916,32.003036772779886,2.837675350701403,5.3201364061456475
2025-01-01 14:22:00,17.39418637274549,78.49772364729459,24.380521378450965,2.8136272545090186,6.9242832279933415
2025-01-01 14:23:00,17.394210420841684,78.49775250501001,32.37122489159619,2.7895791583166325,5.170479339583151
2025-01-01 14:24:00,17.394234468937878,78.49778136272545,31.20433669223151,2.765531062124248,5.317589839003517
2025-01-01 14:25:00,17.39425851703407,78.49781022044088,35.75196893238104,2.741482965931864,4.600836901235164
2025-01-01 14:26:00,17.39428256513026,78.49783907815632,36.7087798788858,2.7174348697394795,4.441610228460625
2025-01-01 14:27:00,17.394306613226455,78.49786793587174,44.38085419607943,2.693386773547095,3.6412820199188864
2025-01-01 14:28:00,17.39433066132265,78.49789679358717,39.75211919093025,2.669338677354709,4.028975659688209
2025-01-01 14:29:00,17.394354709418838,78.49792565130261,32.115481721687985,2.6452905811623246,4.942084825168778
2025-01-01 14:30:00,17.39437875751503,78.49795450901803,30.50792664325821,2.6212424849699403,5.155202808020116
2025-01-01 14:31:00,17.394402805611225,78.49798336673346,37.45959585753253,2.597194388777556,4.159993180901286
2025-01-01 14:32:00,17.394426853707415,78.4980122244489,28.398833964896788,2.57314629258517,5.436447769156542
2025-01-01 14:33:00,17.39445090180361,78.49804108216433,44.157293829271765,2.5490981963927855,3.4636608931451245
2025-01-01 14:34:00,17.394474949899802,78.49806993987976,40.897200603606436,2.525050100200401,3.704483528847304
2025-01-01 14:35:00,17.394498997995992,78.49809879759519,32.65412173947647,2.5010020040080168,4.595441930354205
2025-01-01 14:36:00,17.394523046092186,78.49812765531063,26.434327354545612,2.4769539078156306,5.62213036388769
2025-01-01 14:37:00,17.39454709418838,78.49815651302605,41.76936187082706,2.4529058116232463,3.5235000513662533
2025-01-01 14:38:00,17.39457114228457,78.49818537074148,34.42730077373691,2.428857715430862,4.23302029641034
2025-01-01 14:39:00,17.394595190380763,78.49821422845692,41.18908155986731,2.4048096192384776,3.5030782840979056
2025-01-01 14:40:00,17.394619238476956,78.49824308617234,27.027861706028165,2.3807615230460915,5.285127359923773
2025-01-01 14:41:00,17.39464328657315,78.49827194388777,32.00312488523114,2.356713426853707,4.418406206216358
2025-01-01 14:42:00,17.39466733466934,78.49830080160321,35.026218498590914,2.3326653306613228,3.9958615528339116
2025-01-01 14:43:00,17.394691382765533,78.49832965931864,35.23490296882371,2.3086172344689384,3.931244941718669
2025-01-01 14:44:00,17.394715430861726,78.49835851703406,32.749672642603784,2.284569138276554,4.185512013890318
2025-01-01 14:45:00,17.394739478957916,78.4983873747495,38.114249661737496,2.260521042084168,3.5585447366476406
2025-01-01 14:46:00,17.39476352705411,78.49841623246493,29.661897853087027,2.2364729458917836,4.523930916967321
2025-01-01 14:47:00,17.394787575150303,78.49844509018035,34.288102574893536,2.2124248496993992,3.87147380616981
2025-01-01 14:48:00,17.394811623246493,78.49847394789579,35.601478158559495,2.188376753507015,3.6881222915979524
2025-01-01 14:49:00,17.394835671342687,78.49850280561122,37.57219417029374,2.1643286573146288,3.4562719134873054
2025-01-01 14:50:00,17.39485971943888,78.49853166332666,38.558074390444446,2.1402805611222444,3.3304783938888614
2025-01-01 14:51:00,17.39488376753507,78.49856052104208,29.376789540810655,2.11623246492986,4.322254061132091
2025-01-01 14:52:00,17.394907815631264,78.49858937875752,27.32942914632189,2.0921843687374757,4.593255916622138
2025-01-01 14:53:00,17.394931863727457,78.49861823647295,41.38838410949255,2.0681362725450896,2.9981401550838847
2025-01-01 14:54:00,17.394955911823647,78.49864709418837,36.66157005989796,2.0440881763527052,3.3453365576210587
2025-01-01 14:55:00,17.39497995991984,78.4986759519038,31.25756731721723,2.020040080160321,3.8775379919875843
2025-01-01 14:56:00,17.395004008016034,78.49870480961924,42.75575987761262,1.9959919839679365,2.8010148663217556
2025-01-01 14:57:00,17.395028056112228,78.49873366733466,35.57837317146429,1.9719438877755504,3.3255211725484153
2025-01-01 14:58:00,17.395052104208418,78.4987625250501,40.89648592031913,1.947895791583166,2.85779437682498
2025-01-01 14:59:00,17.39507615230461,78.49879138276553,35.33759240705054,1.9238476953907817,3.26651743542144
2025-01-01 15:00:00,17.395100200400805,78.49882024048097,45.303739624409936,1.8997995991983974,2.516083151124381
2025-01-01 15:01:00,17.395124248496995,78.49884909819639,43.77670421221602,1.875751503006013,2.5708899791719526
2025-01-01 15:02:00,17.395148296593188,78.49887795591182,33.75517925760463,1.8517034068136269,3.291412069268974
2025-01-01 15:03:00,17.39517234468938,78.49890681362726,39.85785475477178,1.8276553106212425,2.7512599288637367
2025-01-01 15:04:00,17.39519639278557,78.49893567134268,38.226879747925736,1.8036072144288582,2.8308989271247946
2025-01-01 15:05:00,17.395220440881765,78.49896452905811,41.843157787661745,1.7795591182364738,2.551756433776436
2025-01-01 15:06:00,17.39524448897796,78.49899338677355,30.17538269709948,1.7555110220440877,3.49061559152222
2025-01-01 15:07:00,17.39526853707415,78.49902224448898,38.4302572999922,1.7314629258517034,2.7032807701530346
2025-01-01 15:08:00,17.395292585170342,78.4990511022044,40.292122434247936,1.707414829659319,2.5425538192170762
2025-01-01 15:09:00,17.395316633266535,78.49907995991984,26.20630256788443,1.6833667334669347,3.8541111912442414
2025-01-01 15:10:00,17.395340681362725,78.49910881763527,29.083707436671126,1.6593186372745485,3.423192124087337
2025-01-01 15:11:00,17.39536472945892,78.4991376753507,24.803839111199498,1.6352705410821642,3.955687344409041
2025-01-01 15:12:00,17.395388777555112,78.49916653306613,33.65296582777721,1.6112224448897798,2.8726545882500636
2025-01-01 15:13:00,17.395412825651306,78.49919539078157,38.58771127897981,1.5871743486973955,2.4678960675680024
2025-01-01 15:14:00,17.395436873747496,78.49922424849699,42.51178526048014,1.5631262525050094,2.206154706880482
2025-01-01 15:15:00,17.39546092184369,78.49925310621242,35.37047390209887,1.539078156312625,2.610784623196066
2025-01-01 15:16:00,17.395484969939883,78.49928196392786,43.14307772785646,1.5150300601202407,2.106984675053011
2025-01-01 15:17:00,17.395509018036073,78.49931082164329,28.099492708925542,1.4909819639278563,3.1836488566662124
2025-01-01 15:18:00,17.395533066132266,78.49933967935871,26.483087803224226,1.4669338677354702,3.323480732991134
2025-01-01 15:19:00,17.39555711422846,78.49936853707415,34.722261505516904,1.4428857715430858,2.493303792405049
2025-01-01 15:20:00,17.39558116232465,78.49939739478958,36.92032724469654,1.4188376753507015,2.3057829351518198
2025-01-01 15:21:00,17.395605210420843,78.499426252505,34.836526259529535,1.3947895791583171,2.4022881651871457
2025-01-01 15:22:00,17.395629258517037,78.49945511022044,24.662789499800617,1.3707414829659328,3.3347602053944816
2025-01-01 15:23:00,17.395653306613227,78.49948396793587,34.55439980243606,1.3466933867735467,2.33838827091178
2025-01-01 15:24:00,17.39567735470942,78.49951282565131,28.477652497475734,1.3226452905811623,2.7867015176866885
2025-01-01 15:25:00,17.395701402805614,78.49954168336673,38.348362744150194,1.298597194388778,2.0317903057076996
2025-01-01 15:26:00,17.395725450901804,78.49957054108216,36.83299123048424,1.2745490981963936,2.076207859775776
2025-01-01 15:27:00,17.395749498997997,78.4995993987976,30.300601068363225,1.2505010020040075,2.4761904871444655
2025-01-01 15:28:00,17.39577354709419,78.49962825651302,32.43066541331653,1.2264529058116231,2.2690615012321445
2025-01-01 15:29:00,17.395797595190384,78.49965711422846,29.70393239055524,1.2024048096192388,2.4287790461068233
2025-01-01 15:30:00,17.395821643286574,78.49968597194389,34.686604513634144,1.1783567134268544,2.0382912596077514
2025-01-01 15:31:00,17.395845691382767,78.49971482965931,39.77571160250619,1.1543086172344683,1.7412263475307441
2025-01-01 15:32:00,17.39586973947896,78.49974368737475,30.07136976832228,1.130260521042084,2.255156043272869
2025-01-01 15:33:00,17.39589378757515,78.49977254509018,37.52023257758922,1.1062124248496996,1.7689854494832296
2025-01-01 15:34:00,17.395917835671344,78.49980140280562,32.348711908137794,1.0821643286573153,2.0071853217470723
2025-01-01 15:35:00,17.395941883767538,78.49983026052104,31.03563583868828,1.0581162324649291,2.0456153783308157
2025-01-01 15:36:00,17.395965931863728,78.49985911823647,34.46484820022721,1.0340681362725448,1.8002135920025222
2025-01-01 15:37:00,17.39598997995992,78.4998879759519,29.82378838790313,1.0100200400801604,2.0319753351452214
2025-01-01 15:38:00,17.396014028056115,78.49991683366733,32.23175347326409,0.9859719438877761,1.8354048495170385
2025-01-01 15:39:00,17.396038076152305,78.49994569138276,29.010610537055758,0.9619238476953917,1.9894593665308276
2025-01-01 15:40:00,17.3960621242485,78.4999745490982,44.82362566458195,0.9378757515030056,1.255421538437595
2025-01-01 15:41:00,17.396086172344692,78.50000340681363,35.17631775985864,0.9138276553106213,1.558709461659628
2025-01-01 15:42:00,17.39611022044088,78.50003226452905,31.50137246003707,0.8897795591182369,1.6947443675611646
2025-01-01 15:43:00,17.396134268537075,78.50006112224449,36.06989955367111,0.8657314629258526,1.440089615394131
2025-01-01 15:44:00,17.39615831663327,78.50008997995992,34.43835975154585,0.8416833667334664,1.4664171687718408
2025-01-01 15:45:00,17.396182364729462,78.50011883767534,33.89515200233389,0.8176352705410821,1.4473490553778008
2025-01-01 15:46:00,17.396206412825652,78.50014769539078,38.07083350021713,0.7935871743486977,1.2507010244640508
2025-01-01 15:47:00,17.396230460921846,78.50017655310621,38.787538550236526,0.7695390781563134,1.1903912033391262
2025-01-01 15:48:00,17.39625450901804,78.50020541082164,32.34749426194736,0.7454909819639273,1.3827797156595851
2025-01-01 15:49:00,17.39627855711423,78.50023426853707,32.1209087967766,0.7214428857715429,1.347613587777332
2025-01-01 15:50:00,17.396302605210423,78.5002631262525,33.62474151424178,0.6973947895791586,1.2444314956897615
2025-01-01 15:51:00,17.396326653306616,78.50029198396794,23.490394176322077,0.6733466933867742,1.7198860649145593
2025-01-01 15:52:00,17.396350701402806,78.50032084168336,27.42404468900724,0.6492985971943881,1.420575129360088
2025-01-01 15:53:00,17.396374749499,78.5003496993988,41.83437133722262,0.6252505010020037,0.8967513759849616
2025-01-01 15:54:00,17.396398797595193,78.50037855711423,43.22483856750642,0.6012024048096194,0.8345235166637227
2025-01-01 15:55:00,17.396422845691383,78.50040741482965,33.75481980221811,0.577154308617235,1.0259055957027663
2025-01-01 15:56:00,17.396446893787576,78.50043627254509,37.88278481527883,0.5531062124248507,0.8760278027951726
2025-01-01 15:57:00,17.39647094188377,78.50046513026052,36.55625077271768,0.5290581162324646,0.868346351252147
2025-01-01 15:58:00,17.39649498997996,78.50049398797596,50.39440404227619,0.5050100200400802,0.6012691642704107
2025-01-01 15:59:00,17.396519038076153,78.50052284569138,40.59787455717289,0.48096192384769587,0.71081838016476
2025-01-01 16:00:00,17.396543086172347,78.50055170340681,34.36041204259617,0.4569138276553115,0.7978609111361317
2025-01-01 16:01:00,17.39656713426854,78.50058056112225,30.22229779699787,0.4328657314629254,0.8593636414487136
2025-01-01 16:02:00,17.39659118236473,78.50060941883767,26.96776839871214,0.40881763527054105,0.9095694442927603
2025-01-01 16:03:00,17.396615230460924,78.5006382765531,36.017318179336115,0.3847695390781567,0.640974217728804
2025-01-01 16:04:00,17.396639278557117,78.50066713426854,31.218246273578483,0.36072144288577235,0.6932896352817904
2025-01-01 16:05:00,17.396663326653307,78.50069599198396,27.88873145201163,0.3366733466933862,0.7243212491167685
2025-01-01 16:06:00,17.3966873747495,78.5007248496994,31.767135578787368,0.3126252505010019,0.5904691968068256
2025-01-01 16:07:00,17.396711422845694,78.50075370741483,29.592259981928024,0.2885771543086175,0.585106689015678
2025-01-01 16:08:00,17.396735470941884,78.50078256513027,43.43570817536282,0.2645290581162332,0.36540772911759745
2025-01-01 16:09:00,17.396759519038078,78.50081142284569,39.408198784747256,0.24048096192384705,0.36613847271333394
2025-01-01 16:10:00,17.39678356713427,78.50084028056112,34.960136793416915,0.2164328657314627,0.371450833291163
2025-01-01 16:11:00,17.39680761523046,78.50086913827656,42.39972069445013,0.19238476953907835,0.27224439178571336
2025-01-01 16:12:00,17.396831663326655,78.50089799599198,35.386841538238095,0.168336673346694,0.28542248931393405
2025-01-01 16:13:00,17.396855711422848,78.50092685370741,30.69357899335868,0.14428857715430787,0.28205621218469495
2025-01-01 16:14:00,17.396879759519038,78.50095571142285,42.61562038634828,0.12024048096192352,0.16929071528961057
2025-01-01 16:15:00,17.39690380761523,78.50098456913828,37.694550218423295,0.09619238476953917,0.15311346209806997
2025-01-01 16:16:00,17.396927855711425,78.5010134268537,29.81376922836772,0.07214428857715482,0.14518987121261354
2025-01-01 16:17:00,17.396951903807615,78.50104228456914,34.04830660958196,0.048096192384770475,0.08475521488267225
2025-01-01 16:18:00,17.39697595190381,78.50107114228457,30.621908733076214,0.02404809619238435,0.04711939363807619
2025-01-01 16:19:00,17.397000000000002,78.5011,28.086001345178317,0.0,0.0
